<?xml version="1.0"?>
<BlastXML2
xmlns="http://www.ncbi.nlm.nih.gov"
xmlns:xi="http://www.w3.org/2003/XInclude"
xmlns:xs="http://www.w3.org/2001/XMLSchema-instance"
xs:schemaLocation="http://www.ncbi.nlm.nih.gov http://www.ncbi.nlm.nih.gov/data_specs/schema_alt/NCBI_BlastOutput2.xsd">
	<xi:include href="chunk_3_1.xml"/>
	<xi:include href="chunk_3_2.xml"/>
	<xi:include href="chunk_3_3.xml"/>
	<xi:include href="chunk_3_4.xml"/>
	<xi:include href="chunk_3_5.xml"/>
	<xi:include href="chunk_3_6.xml"/>
	<xi:include href="chunk_3_7.xml"/>
	<xi:include href="chunk_3_8.xml"/>
	<xi:include href="chunk_3_9.xml"/>
	<xi:include href="chunk_3_10.xml"/>
	<xi:include href="chunk_3_11.xml"/>
	<xi:include href="chunk_3_12.xml"/>
	<xi:include href="chunk_3_13.xml"/>
	<xi:include href="chunk_3_14.xml"/>
	<xi:include href="chunk_3_15.xml"/>
	<xi:include href="chunk_3_16.xml"/>
	<xi:include href="chunk_3_17.xml"/>
	<xi:include href="chunk_3_18.xml"/>
	<xi:include href="chunk_3_19.xml"/>
	<xi:include href="chunk_3_20.xml"/>
</BlastXML2>
