<?xml version="1.0"?>
<BlastXML2
xmlns="http://www.ncbi.nlm.nih.gov"
xmlns:xi="http://www.w3.org/2003/XInclude"
xmlns:xs="http://www.w3.org/2001/XMLSchema-instance"
xs:schemaLocation="http://www.ncbi.nlm.nih.gov http://www.ncbi.nlm.nih.gov/data_specs/schema_alt/NCBI_BlastOutput2.xsd">
	<xi:include href="chunk_1_1.xml"/>
	<xi:include href="chunk_1_2.xml"/>
	<xi:include href="chunk_1_3.xml"/>
	<xi:include href="chunk_1_4.xml"/>
	<xi:include href="chunk_1_5.xml"/>
	<xi:include href="chunk_1_6.xml"/>
	<xi:include href="chunk_1_7.xml"/>
	<xi:include href="chunk_1_8.xml"/>
	<xi:include href="chunk_1_9.xml"/>
	<xi:include href="chunk_1_10.xml"/>
	<xi:include href="chunk_1_11.xml"/>
	<xi:include href="chunk_1_12.xml"/>
	<xi:include href="chunk_1_13.xml"/>
	<xi:include href="chunk_1_14.xml"/>
	<xi:include href="chunk_1_15.xml"/>
	<xi:include href="chunk_1_16.xml"/>
	<xi:include href="chunk_1_17.xml"/>
	<xi:include href="chunk_1_18.xml"/>
	<xi:include href="chunk_1_19.xml"/>
	<xi:include href="chunk_1_20.xml"/>
</BlastXML2>
