<?xml version="1.0"?>
<BlastXML2
xmlns="http://www.ncbi.nlm.nih.gov"
xmlns:xi="http://www.w3.org/2003/XInclude"
xmlns:xs="http://www.w3.org/2001/XMLSchema-instance"
xs:schemaLocation="http://www.ncbi.nlm.nih.gov http://www.ncbi.nlm.nih.gov/data_specs/schema_alt/NCBI_BlastOutput2.xsd">
	<xi:include href="chunk_2_1.xml"/>
	<xi:include href="chunk_2_2.xml"/>
	<xi:include href="chunk_2_3.xml"/>
	<xi:include href="chunk_2_4.xml"/>
	<xi:include href="chunk_2_5.xml"/>
	<xi:include href="chunk_2_6.xml"/>
	<xi:include href="chunk_2_7.xml"/>
	<xi:include href="chunk_2_8.xml"/>
	<xi:include href="chunk_2_9.xml"/>
	<xi:include href="chunk_2_10.xml"/>
	<xi:include href="chunk_2_11.xml"/>
	<xi:include href="chunk_2_12.xml"/>
	<xi:include href="chunk_2_13.xml"/>
	<xi:include href="chunk_2_14.xml"/>
	<xi:include href="chunk_2_15.xml"/>
	<xi:include href="chunk_2_16.xml"/>
	<xi:include href="chunk_2_17.xml"/>
	<xi:include href="chunk_2_18.xml"/>
	<xi:include href="chunk_2_19.xml"/>
	<xi:include href="chunk_2_20.xml"/>
</BlastXML2>
