<?xml version="1.0"?>
<BlastOutput2
    xmlns="http://www.ncbi.nlm.nih.gov"
    xmlns:xs="http://www.w3.org/2001/XMLSchema-instance"
    xs:schemaLocation="http://www.ncbi.nlm.nih.gov http://www.ncbi.nlm.nih.gov/data_specs/schema_alt/NCBI_BlastOutput2.xsd"
>
  <report>
    <Report>
      <program>blastp</program>
      <version>BLASTP 2.13.0+</version>
      <reference>Stephen F. Altschul, Thomas L. Madden, Alejandro A. Sch&amp;auml;ffer, Jinghui Zhang, Zheng Zhang, Webb Miller, and David J. Lipman (1997), &quot;Gapped BLAST and PSI-BLAST: a new generation of protein database search programs&quot;, Nucleic Acids Res. 25:3389-3402.</reference>
      <search-target>
        <Target>
          <db></db>
        </Target>
      </search-target>
      <params>
        <Parameters>
          <matrix>BLOSUM62</matrix>
          <expect>1e-05</expect>
          <gap-open>11</gap-open>
          <gap-extend>1</gap-extend>
          <filter>L;</filter>
          <entrez-query>txid3193[ORGN]</entrez-query>
          <cbs>2</cbs>
        </Parameters>
      </params>
      <results>
        <Results>
          <search>
            <Search>
              <query-id>Query_27129</query-id>
              <query-title>maker-Scaffold_63552_SNP_4859480-exonerate_est2genome-gene-0.0-mRNA-1</query-title>
              <query-len>150</query-len>
              <hits></hits>
              <stat>
                <Statistics>
                  <db-num>0</db-num>
                  <db-len>0</db-len>
                  <hsp-len>0</hsp-len>
                  <eff-space>0</eff-space>
                  <kappa>-1</kappa>
                  <lambda>-1</lambda>
                  <entropy>-1</entropy>
                </Statistics>
              </stat>
              <message>Informational Message: No alias or index file found for protein database [Plants/Arabidopsis_thaliana_protein_sequences] in search path [/export/home/splitd/blastdb/blast0:/blast/db/disk.blast/blast2640:]&#xa;No hits found</message>
            </Search>
          </search>
        </Results>
      </results>
    </Report>
  </report>
</BlastOutput2>
