<?xml version="1.0"?>
<BlastOutput2
    xmlns="http://www.ncbi.nlm.nih.gov"
    xmlns:xs="http://www.w3.org/2001/XMLSchema-instance"
    xs:schemaLocation="http://www.ncbi.nlm.nih.gov http://www.ncbi.nlm.nih.gov/data_specs/schema_alt/NCBI_BlastOutput2.xsd"
>
  <report>
    <Report>
      <program>blastp</program>
      <version>BLASTP 2.10.0+</version>
      <reference>Stephen F. Altschul, Thomas L. Madden, Alejandro A. Sch&amp;auml;ffer, Jinghui Zhang, Zheng Zhang, Webb Miller, and David J. Lipman (1997), &quot;Gapped BLAST and PSI-BLAST: a new generation of protein database search programs&quot;, Nucleic Acids Res. 25:3389-3402.</reference>
      <search-target>
        <Target>
          <db>C:\CAML\Test_FunctionalAnnotation\swissprot\swissprot</db>
        </Target>
      </search-target>
      <params>
        <Parameters>
          <matrix>BLOSUM62</matrix>
          <expect>1e-05</expect>
          <gap-open>11</gap-open>
          <gap-extend>1</gap-extend>
          <filter>F</filter>
          <cbs>2</cbs>
        </Parameters>
      </params>
      <results>
        <Results>
          <search>
            <Search>
              <query-id>Query_9</query-id>
              <query-title>maker-Scaffold_62125_SNP_3731290-exonerate_protein2genome-gene-0.0-mRNA-1</query-title>
              <query-len>167</query-len>
              <hits></hits>
              <stat>
                <Statistics>
                  <db-num>478091</db-num>
                  <db-len>181270864</db-len>
                  <hsp-len>109</hsp-len>
                  <eff-space>7491218810</eff-space>
                  <kappa>0.041</kappa>
                  <lambda>0.267</lambda>
                  <entropy>0.14</entropy>
                </Statistics>
              </stat>
              <message>No hits found</message>
            </Search>
          </search>
        </Results>
      </results>
    </Report>
  </report>
</BlastOutput2>
